{
    "world_pos": {
        "mean": [
            0.011387720704078674,
            0.015360958874225616,
            0.007024011109024286
        ],
        "std": [
            0.04170094430446625,
            0.08273666352033615,
            0.041873253881931305
        ]
    },
    "stress": {
        "mean": [
            25696.021484375
        ],
        "std": [
            55430.66796875
        ]
    },
    "mesh_pos": {
        "mean": [
            0.00684485724195838,
            0.01368971448391676,
            0.00684485724195838
        ],
        "std": [
            0.0413668267428875,
            0.082733653485775,
            0.0413668267428875
        ]
    }
}